HistoryID,UserID,DestinationID,VisitDate,ExperienceRating
1,525,760,2024-01-01,3
2,184,532,2024-02-15,5
3,897,786,2024-03-20,2
4,470,660,2024-01-01,1
5,989,389,2024-02-15,4
6,266,394,2024-03-20,3
7,399,953,2024-01-01,2
8,869,901,2024-02-15,4
9,580,890,2024-03-20,1
10,876,727,2024-01-01,4
11,522,97,2024-02-15,2
12,989,779,2024-03-20,4
13,469,715,2024-01-01,3
14,46,487,2024-02-15,1
15,98,617,2024-03-20,5
16,45,925,2024-01-01,4
17,424,893,2024-02-15,2
18,352,149,2024-03-20,5
19,330,208,2024-01-01,3
20,76,310,2024-02-15,2
21,501,200,2024-03-20,1
22,609,458,2024-01-01,1
23,276,476,2024-02-15,4
24,752,420,2024-03-20,3
25,81,805,2024-01-01,3
26,290,619,2024-02-15,2
27,422,986,2024-03-20,2
28,129,586,2024-01-01,3
29,324,38,2024-02-15,5
30,421,410,2024-03-20,3
31,2,385,2024-01-01,5
32,476,114,2024-02-15,1
33,260,208,2024-03-20,2
34,878,732,2024-01-01,1
35,951,734,2024-02-15,4
36,688,966,2024-03-20,5
37,902,216,2024-01-01,4
38,533,559,2024-02-15,3
39,234,884,2024-03-20,2
40,9,959,2024-01-01,2
41,781,284,2024-02-15,3
42,739,554,2024-03-20,3
43,649,871,2024-01-01,2
44,463,10,2024-02-15,5
45,631,394,2024-03-20,2
46,708,127,2024-01-01,4
47,891,796,2024-02-15,3
48,488,532,2024-03-20,2
49,554,933,2024-01-01,1
50,957,404,2024-02-15,1
51,296,348,2024-03-20,5
52,295,916,2024-01-01,1
53,234,872,2024-02-15,2
54,306,223,2024-03-20,3
55,18,883,2024-01-01,1
56,297,659,2024-02-15,2
57,882,814,2024-03-20,1
58,809,396,2024-01-01,1
59,591,893,2024-02-15,1
60,65,494,2024-03-20,3
61,290,682,2024-01-01,1
62,217,188,2024-02-15,2
63,977,395,2024-03-20,3
64,859,880,2024-01-01,3
65,29,505,2024-02-15,3
66,747,660,2024-03-20,4
67,61,339,2024-01-01,5
68,906,330,2024-02-15,4
69,442,433,2024-03-20,3
70,450,419,2024-01-01,5
71,18,582,2024-02-15,1
72,446,105,2024-03-20,3
73,222,223,2024-01-01,4
74,852,874,2024-02-15,5
75,328,303,2024-03-20,4
76,537,804,2024-01-01,5
77,431,621,2024-02-15,4
78,423,619,2024-03-20,4
79,327,175,2024-01-01,3
80,628,631,2024-02-15,5
81,834,575,2024-03-20,2
82,303,849,2024-01-01,1
83,636,139,2024-02-15,5
84,69,92,2024-03-20,2
85,107,130,2024-01-01,5
86,866,589,2024-02-15,2
87,60,320,2024-03-20,4
88,461,329,2024-01-01,1
89,594,340,2024-02-15,3
90,344,565,2024-03-20,4
91,331,723,2024-01-01,2
92,855,371,2024-02-15,5
93,44,230,2024-03-20,2
94,291,675,2024-01-01,1
95,34,886,2024-02-15,5
96,77,803,2024-03-20,5
97,976,611,2024-01-01,5
98,556,387,2024-02-15,2
99,671,94,2024-03-20,2
100,88,889,2024-01-01,1
101,934,51,2024-02-15,2
102,653,423,2024-03-20,5
103,676,824,2024-01-01,5
104,411,975,2024-02-15,1
105,323,922,2024-03-20,2
106,756,766,2024-01-01,1
107,686,180,2024-02-15,5
108,941,936,2024-03-20,4
109,899,9,2024-01-01,1
110,544,472,2024-02-15,4
111,132,839,2024-03-20,5
112,890,655,2024-01-01,4
113,944,391,2024-02-15,4
114,438,880,2024-03-20,1
115,524,476,2024-01-01,5
116,160,96,2024-02-15,1
117,288,158,2024-03-20,3
118,363,152,2024-01-01,2
119,35,91,2024-02-15,5
120,316,22,2024-03-20,5
121,239,27,2024-01-01,4
122,948,1000,2024-02-15,3
123,343,478,2024-03-20,3
124,50,21,2024-01-01,2
125,78,61,2024-02-15,4
126,563,403,2024-03-20,3
127,805,428,2024-01-01,3
128,462,218,2024-02-15,2
129,762,739,2024-03-20,1
130,129,399,2024-01-01,2
131,404,952,2024-02-15,3
132,155,567,2024-03-20,5
133,944,749,2024-01-01,4
134,148,301,2024-02-15,2
135,119,402,2024-03-20,4
136,356,993,2024-01-01,2
137,596,926,2024-02-15,5
138,850,131,2024-03-20,1
139,975,828,2024-01-01,3
140,759,969,2024-02-15,1
141,298,797,2024-03-20,4
142,367,126,2024-01-01,4
143,904,169,2024-02-15,5
144,750,401,2024-03-20,2
145,256,242,2024-01-01,3
146,703,82,2024-02-15,2
147,757,126,2024-03-20,2
148,526,170,2024-01-01,3
149,480,389,2024-02-15,1
150,782,805,2024-03-20,3
151,874,315,2024-01-01,3
152,979,68,2024-02-15,2
153,851,266,2024-03-20,4
154,823,939,2024-01-01,3
155,127,938,2024-02-15,3
156,250,753,2024-03-20,2
157,392,491,2024-01-01,4
158,621,719,2024-02-15,5
159,204,205,2024-03-20,2
160,814,181,2024-01-01,4
161,539,282,2024-02-15,4
162,677,954,2024-03-20,2
163,299,25,2024-01-01,2
164,883,641,2024-02-15,5
165,916,753,2024-03-20,1
166,483,66,2024-01-01,1
167,575,311,2024-02-15,2
168,544,763,2024-03-20,5
169,632,135,2024-01-01,1
170,467,114,2024-02-15,2
171,484,617,2024-03-20,4
172,902,676,2024-01-01,2
173,15,222,2024-02-15,1
174,235,281,2024-03-20,1
175,402,417,2024-01-01,1
176,792,898,2024-02-15,1
177,819,429,2024-03-20,1
178,863,135,2024-01-01,4
179,436,848,2024-02-15,5
180,868,689,2024-03-20,4
181,608,694,2024-01-01,1
182,146,709,2024-02-15,2
183,936,159,2024-03-20,1
184,234,199,2024-01-01,4
185,672,250,2024-02-15,1
186,181,869,2024-03-20,1
187,662,912,2024-01-01,3
188,742,281,2024-02-15,5
189,904,436,2024-03-20,5
190,247,291,2024-01-01,2
191,279,494,2024-02-15,5
192,51,951,2024-03-20,5
193,180,960,2024-01-01,3
194,5,425,2024-02-15,3
195,537,612,2024-03-20,2
196,143,939,2024-01-01,1
197,121,945,2024-02-15,5
198,351,636,2024-03-20,1
199,24,272,2024-01-01,4
200,88,383,2024-02-15,2
201,888,805,2024-03-20,2
202,353,894,2024-01-01,5
203,367,912,2024-02-15,4
204,593,775,2024-03-20,1
205,79,493,2024-01-01,4
206,962,565,2024-02-15,3
207,829,911,2024-03-20,1
208,539,684,2024-01-01,1
209,298,901,2024-02-15,2
210,814,853,2024-03-20,5
211,211,714,2024-01-01,3
212,746,807,2024-02-15,5
213,218,258,2024-03-20,1
214,745,386,2024-01-01,3
215,92,477,2024-02-15,1
216,65,118,2024-03-20,1
217,653,217,2024-01-01,4
218,365,872,2024-02-15,3
219,724,161,2024-03-20,5
220,530,677,2024-01-01,4
221,747,145,2024-02-15,5
222,723,670,2024-03-20,2
223,71,840,2024-01-01,4
224,954,518,2024-02-15,5
225,474,899,2024-03-20,1
226,606,872,2024-01-01,2
227,123,49,2024-02-15,2
228,799,404,2024-03-20,4
229,869,217,2024-01-01,2
230,218,484,2024-02-15,3
231,67,653,2024-03-20,4
232,786,42,2024-01-01,5
233,335,6,2024-02-15,2
234,429,752,2024-03-20,4
235,931,897,2024-01-01,1
236,846,389,2024-02-15,2
237,904,576,2024-03-20,1
238,359,864,2024-01-01,4
239,888,75,2024-02-15,4
240,413,984,2024-03-20,1
241,594,277,2024-01-01,1
242,443,67,2024-02-15,2
243,878,421,2024-03-20,3
244,461,788,2024-01-01,4
245,966,253,2024-02-15,2
246,976,683,2024-03-20,3
247,725,480,2024-01-01,5
248,141,707,2024-02-15,2
249,109,405,2024-03-20,5
250,765,908,2024-01-01,5
251,165,519,2024-02-15,3
252,852,79,2024-03-20,4
253,201,774,2024-01-01,3
254,359,678,2024-02-15,2
255,832,122,2024-03-20,1
256,828,434,2024-01-01,2
257,15,701,2024-02-15,2
258,548,880,2024-03-20,4
259,368,290,2024-01-01,5
260,754,555,2024-02-15,1
261,426,966,2024-03-20,2
262,287,253,2024-01-01,4
263,166,698,2024-02-15,1
264,862,525,2024-03-20,3
265,798,394,2024-01-01,3
266,252,618,2024-02-15,3
267,247,361,2024-03-20,4
268,585,801,2024-01-01,4
269,538,837,2024-02-15,1
270,790,380,2024-03-20,3
271,767,592,2024-01-01,5
272,259,336,2024-02-15,4
273,259,879,2024-03-20,5
274,123,622,2024-01-01,4
275,298,134,2024-02-15,1
276,503,926,2024-03-20,5
277,647,366,2024-01-01,3
278,232,86,2024-02-15,4
279,91,153,2024-03-20,5
280,735,7,2024-01-01,3
281,321,805,2024-02-15,4
282,252,504,2024-03-20,1
283,238,647,2024-01-01,5
284,582,518,2024-02-15,4
285,315,496,2024-03-20,2
286,537,287,2024-01-01,1
287,33,978,2024-02-15,4
288,133,242,2024-03-20,4
289,444,327,2024-01-01,2
290,518,251,2024-02-15,2
291,610,87,2024-03-20,5
292,555,972,2024-01-01,4
293,644,545,2024-02-15,5
294,733,638,2024-03-20,3
295,717,969,2024-01-01,1
296,343,80,2024-02-15,3
297,887,408,2024-03-20,3
298,341,613,2024-01-01,4
299,575,957,2024-02-15,5
300,70,41,2024-03-20,3
301,409,544,2024-01-01,3
302,874,117,2024-02-15,2
303,419,192,2024-03-20,4
304,80,873,2024-01-01,1
305,794,853,2024-02-15,4
306,784,904,2024-03-20,1
307,606,513,2024-01-01,4
308,436,425,2024-02-15,1
309,92,101,2024-03-20,3
310,942,289,2024-01-01,3
311,128,330,2024-02-15,3
312,835,523,2024-03-20,5
313,715,786,2024-01-01,2
314,126,983,2024-02-15,3
315,956,597,2024-03-20,3
316,319,998,2024-01-01,4
317,917,601,2024-02-15,2
318,430,164,2024-03-20,3
319,592,983,2024-01-01,3
320,680,135,2024-02-15,1
321,209,357,2024-03-20,4
322,876,8,2024-01-01,5
323,923,892,2024-02-15,3
324,688,818,2024-03-20,2
325,757,36,2024-01-01,5
326,424,75,2024-02-15,1
327,518,170,2024-03-20,2
328,598,886,2024-01-01,3
329,390,381,2024-02-15,5
330,263,278,2024-03-20,2
331,408,403,2024-01-01,2
332,907,417,2024-02-15,3
333,343,424,2024-03-20,5
334,27,130,2024-01-01,1
335,607,552,2024-02-15,5
336,653,756,2024-03-20,4
337,153,720,2024-01-01,4
338,186,986,2024-02-15,2
339,499,830,2024-03-20,3
340,442,827,2024-01-01,2
341,321,229,2024-02-15,5
342,416,274,2024-03-20,3
343,80,49,2024-01-01,2
344,708,395,2024-02-15,2
345,971,767,2024-03-20,2
346,579,211,2024-01-01,4
347,560,38,2024-02-15,1
348,837,109,2024-03-20,3
349,415,216,2024-01-01,4
350,864,410,2024-02-15,2
351,584,757,2024-03-20,3
352,992,62,2024-01-01,4
353,682,335,2024-02-15,2
354,725,29,2024-03-20,1
355,550,33,2024-01-01,2
356,572,699,2024-02-15,4
357,696,307,2024-03-20,3
358,803,177,2024-01-01,5
359,352,643,2024-02-15,1
360,283,952,2024-03-20,5
361,844,346,2024-01-01,3
362,690,388,2024-02-15,2
363,503,139,2024-03-20,4
364,987,754,2024-01-01,5
365,743,614,2024-02-15,4
366,182,7,2024-03-20,5
367,821,469,2024-01-01,3
368,252,997,2024-02-15,3
369,283,227,2024-03-20,5
370,87,14,2024-01-01,4
371,273,319,2024-02-15,3
372,962,549,2024-03-20,4
373,919,413,2024-01-01,2
374,55,271,2024-02-15,4
375,454,676,2024-03-20,2
376,530,90,2024-01-01,4
377,530,431,2024-02-15,4
378,748,441,2024-03-20,2
379,991,346,2024-01-01,1
380,189,978,2024-02-15,3
381,117,366,2024-03-20,1
382,711,979,2024-01-01,3
383,80,648,2024-02-15,3
384,827,221,2024-03-20,3
385,684,281,2024-01-01,2
386,847,931,2024-02-15,4
387,620,624,2024-03-20,4
388,701,327,2024-01-01,5
389,777,590,2024-02-15,2
390,91,954,2024-03-20,3
391,42,189,2024-01-01,2
392,115,50,2024-02-15,3
393,8,50,2024-03-20,5
394,943,990,2024-01-01,5
395,537,562,2024-02-15,2
396,63,825,2024-03-20,2
397,172,946,2024-01-01,1
398,800,363,2024-02-15,3
399,368,263,2024-03-20,3
400,685,955,2024-01-01,1
401,878,239,2024-02-15,1
402,423,901,2024-03-20,5
403,594,285,2024-01-01,1
404,224,889,2024-02-15,4
405,747,677,2024-03-20,1
406,318,372,2024-01-01,3
407,288,958,2024-02-15,3
408,8,204,2024-03-20,5
409,653,413,2024-01-01,4
410,949,509,2024-02-15,4
411,567,996,2024-03-20,5
412,628,35,2024-01-01,5
413,801,209,2024-02-15,5
414,53,938,2024-03-20,5
415,762,964,2024-01-01,5
416,463,204,2024-02-15,1
417,121,235,2024-03-20,2
418,437,203,2024-01-01,2
419,642,434,2024-02-15,4
420,344,859,2024-03-20,2
421,316,975,2024-01-01,3
422,592,216,2024-02-15,3
423,858,250,2024-03-20,3
424,835,261,2024-01-01,2
425,335,520,2024-02-15,4
426,496,333,2024-03-20,1
427,13,994,2024-01-01,2
428,69,170,2024-02-15,2
429,215,242,2024-03-20,5
430,35,977,2024-01-01,4
431,778,951,2024-02-15,5
432,578,91,2024-03-20,4
433,261,120,2024-01-01,1
434,673,288,2024-02-15,1
435,527,352,2024-03-20,1
436,163,58,2024-01-01,4
437,578,205,2024-02-15,1
438,311,965,2024-03-20,5
439,242,459,2024-01-01,5
440,73,315,2024-02-15,1
441,779,799,2024-03-20,1
442,446,115,2024-01-01,4
443,320,168,2024-02-15,1
444,639,545,2024-03-20,5
445,733,676,2024-01-01,5
446,572,413,2024-02-15,5
447,168,932,2024-03-20,2
448,114,485,2024-01-01,5
449,282,119,2024-02-15,3
450,359,353,2024-03-20,4
451,2,437,2024-01-01,2
452,777,71,2024-02-15,3
453,67,835,2024-03-20,4
454,346,113,2024-01-01,2
455,736,970,2024-02-15,2
456,932,850,2024-03-20,5
457,718,555,2024-01-01,1
458,534,361,2024-02-15,2
459,743,324,2024-03-20,1
460,17,610,2024-01-01,4
461,319,784,2024-02-15,4
462,954,166,2024-03-20,4
463,368,696,2024-01-01,3
464,293,204,2024-02-15,3
465,723,748,2024-03-20,3
466,434,396,2024-01-01,1
467,707,404,2024-02-15,2
468,466,730,2024-03-20,5
469,306,102,2024-01-01,3
470,586,433,2024-02-15,5
471,341,499,2024-03-20,1
472,20,311,2024-01-01,5
473,999,11,2024-02-15,3
474,292,775,2024-03-20,2
475,213,230,2024-01-01,2
476,891,430,2024-02-15,5
477,335,785,2024-03-20,4
478,669,181,2024-01-01,4
479,473,443,2024-02-15,5
480,9,996,2024-03-20,5
481,3,904,2024-01-01,4
482,13,50,2024-02-15,5
483,721,356,2024-03-20,4
484,293,339,2024-01-01,4
485,693,3,2024-02-15,2
486,936,350,2024-03-20,1
487,356,436,2024-01-01,2
488,840,103,2024-02-15,5
489,554,529,2024-03-20,4
490,338,436,2024-01-01,5
491,434,725,2024-02-15,3
492,768,824,2024-03-20,3
493,108,737,2024-01-01,2
494,511,19,2024-02-15,2
495,93,833,2024-03-20,1
496,752,203,2024-01-01,5
497,516,921,2024-02-15,5
498,527,793,2024-03-20,2
499,23,725,2024-01-01,3
500,569,451,2024-02-15,2
501,676,117,2024-03-20,2
502,27,702,2024-01-01,5
503,944,732,2024-02-15,3
504,613,146,2024-03-20,3
505,614,501,2024-01-01,2
506,373,867,2024-02-15,5
507,169,196,2024-03-20,5
508,482,265,2024-01-01,3
509,535,317,2024-02-15,4
510,343,258,2024-03-20,1
511,16,970,2024-01-01,2
512,401,435,2024-02-15,1
513,65,922,2024-03-20,4
514,767,877,2024-01-01,4
515,137,305,2024-02-15,5
516,992,296,2024-03-20,5
517,528,872,2024-01-01,4
518,59,468,2024-02-15,4
519,528,824,2024-03-20,1
520,597,386,2024-01-01,5
521,290,133,2024-02-15,3
522,657,773,2024-03-20,5
523,400,134,2024-01-01,1
524,750,460,2024-02-15,1
525,833,433,2024-03-20,1
526,773,14,2024-01-01,3
527,285,167,2024-02-15,2
528,184,394,2024-03-20,3
529,560,349,2024-01-01,4
530,498,507,2024-02-15,3
531,659,969,2024-03-20,3
532,591,679,2024-01-01,4
533,964,113,2024-02-15,4
534,458,377,2024-03-20,2
535,572,685,2024-01-01,3
536,502,978,2024-02-15,1
537,635,803,2024-03-20,4
538,512,495,2024-01-01,2
539,609,82,2024-02-15,2
540,758,938,2024-03-20,4
541,30,239,2024-01-01,5
542,124,881,2024-02-15,3
543,678,706,2024-03-20,3
544,3,421,2024-01-01,4
545,928,41,2024-02-15,3
546,424,211,2024-03-20,5
547,778,429,2024-01-01,5
548,490,4,2024-02-15,1
549,765,169,2024-03-20,2
550,286,968,2024-01-01,1
551,235,186,2024-02-15,2
552,122,348,2024-03-20,1
553,982,544,2024-01-01,1
554,679,447,2024-02-15,5
555,210,301,2024-03-20,1
556,346,128,2024-01-01,4
557,953,421,2024-02-15,2
558,862,103,2024-03-20,2
559,290,169,2024-01-01,2
560,93,920,2024-02-15,2
561,217,174,2024-03-20,4
562,940,411,2024-01-01,5
563,197,728,2024-02-15,4
564,930,688,2024-03-20,2
565,943,479,2024-01-01,4
566,35,573,2024-02-15,2
567,366,624,2024-03-20,2
568,214,417,2024-01-01,3
569,560,657,2024-02-15,3
570,684,772,2024-03-20,2
571,373,865,2024-01-01,1
572,623,470,2024-02-15,1
573,474,273,2024-03-20,4
574,42,500,2024-01-01,4
575,394,201,2024-02-15,1
576,104,635,2024-03-20,1
577,13,340,2024-01-01,5
578,868,259,2024-02-15,5
579,954,584,2024-03-20,2
580,342,105,2024-01-01,3
581,754,306,2024-02-15,2
582,87,254,2024-03-20,3
583,441,65,2024-01-01,2
584,878,872,2024-02-15,4
585,757,528,2024-03-20,4
586,516,814,2024-01-01,1
587,915,374,2024-02-15,1
588,718,723,2024-03-20,4
589,269,62,2024-01-01,3
590,621,566,2024-02-15,5
591,688,22,2024-03-20,3
592,905,727,2024-01-01,2
593,709,984,2024-02-15,3
594,713,251,2024-03-20,2
595,158,552,2024-01-01,4
596,400,487,2024-02-15,1
597,318,191,2024-03-20,2
598,699,7,2024-01-01,2
599,1,941,2024-02-15,5
600,367,408,2024-03-20,3
601,578,761,2024-01-01,1
602,951,834,2024-02-15,1
603,54,678,2024-03-20,2
604,573,227,2024-01-01,2
605,93,847,2024-02-15,4
606,320,220,2024-03-20,4
607,325,525,2024-01-01,4
608,567,899,2024-02-15,5
609,849,871,2024-03-20,5
610,944,702,2024-01-01,3
611,855,20,2024-02-15,1
612,42,468,2024-03-20,2
613,677,239,2024-01-01,2
614,382,236,2024-02-15,3
615,668,322,2024-03-20,4
616,674,295,2024-01-01,1
617,336,986,2024-02-15,1
618,484,850,2024-03-20,1
619,923,510,2024-01-01,2
620,799,568,2024-02-15,1
621,239,690,2024-03-20,5
622,174,784,2024-01-01,1
623,985,393,2024-02-15,4
624,812,153,2024-03-20,3
625,459,967,2024-01-01,2
626,873,135,2024-02-15,2
627,230,582,2024-03-20,3
628,391,541,2024-01-01,3
629,272,9,2024-02-15,2
630,407,35,2024-03-20,2
631,384,383,2024-01-01,3
632,468,159,2024-02-15,5
633,647,531,2024-03-20,4
634,148,368,2024-01-01,4
635,612,962,2024-02-15,5
636,942,984,2024-03-20,1
637,448,287,2024-01-01,2
638,332,583,2024-02-15,1
639,191,389,2024-03-20,1
640,774,381,2024-01-01,2
641,44,670,2024-02-15,5
642,916,627,2024-03-20,1
643,850,761,2024-01-01,4
644,349,53,2024-02-15,1
645,158,967,2024-03-20,2
646,480,490,2024-01-01,2
647,870,424,2024-02-15,2
648,466,39,2024-03-20,4
649,769,236,2024-01-01,1
650,260,167,2024-02-15,5
651,937,712,2024-03-20,1
652,82,360,2024-01-01,4
653,348,2,2024-02-15,4
654,814,137,2024-03-20,1
655,769,611,2024-01-01,3
656,9,890,2024-02-15,4
657,528,619,2024-03-20,2
658,197,396,2024-01-01,4
659,834,866,2024-02-15,4
660,168,331,2024-03-20,5
661,711,831,2024-01-01,2
662,302,49,2024-02-15,1
663,647,748,2024-03-20,1
664,418,373,2024-01-01,4
665,972,83,2024-02-15,1
666,745,171,2024-03-20,4
667,878,661,2024-01-01,4
668,101,537,2024-02-15,4
669,888,8,2024-03-20,3
670,865,750,2024-01-01,2
671,394,886,2024-02-15,1
672,106,655,2024-03-20,1
673,722,307,2024-01-01,1
674,654,718,2024-02-15,2
675,520,389,2024-03-20,4
676,184,878,2024-01-01,3
677,328,477,2024-02-15,1
678,846,974,2024-03-20,2
679,902,316,2024-01-01,2
680,806,529,2024-02-15,1
681,597,871,2024-03-20,2
682,465,511,2024-01-01,2
683,401,959,2024-02-15,5
684,868,944,2024-03-20,1
685,686,544,2024-01-01,1
686,55,808,2024-02-15,3
687,934,791,2024-03-20,1
688,188,387,2024-01-01,5
689,651,725,2024-02-15,2
690,950,537,2024-03-20,4
691,978,239,2024-01-01,4
692,999,811,2024-02-15,3
693,184,485,2024-03-20,1
694,372,472,2024-01-01,2
695,778,365,2024-02-15,1
696,135,836,2024-03-20,5
697,945,839,2024-01-01,3
698,102,849,2024-02-15,2
699,374,633,2024-03-20,2
700,526,20,2024-01-01,3
701,294,220,2024-02-15,3
702,800,269,2024-03-20,1
703,893,146,2024-01-01,3
704,614,590,2024-02-15,5
705,826,413,2024-03-20,4
706,507,7,2024-01-01,2
707,315,463,2024-02-15,1
708,102,511,2024-03-20,3
709,166,259,2024-01-01,5
710,11,89,2024-02-15,3
711,56,92,2024-03-20,5
712,722,416,2024-01-01,2
713,50,114,2024-02-15,3
714,300,194,2024-03-20,1
715,834,361,2024-01-01,5
716,209,727,2024-02-15,1
717,700,535,2024-03-20,4
718,303,128,2024-01-01,2
719,809,483,2024-02-15,5
720,849,676,2024-03-20,2
721,220,606,2024-01-01,3
722,896,189,2024-02-15,4
723,637,24,2024-03-20,1
724,98,398,2024-01-01,1
725,631,569,2024-02-15,1
726,43,200,2024-03-20,1
727,961,355,2024-01-01,2
728,689,950,2024-02-15,3
729,729,874,2024-03-20,3
730,970,270,2024-01-01,5
731,934,36,2024-02-15,2
732,498,913,2024-03-20,1
733,531,367,2024-01-01,4
734,15,481,2024-02-15,4
735,228,395,2024-03-20,1
736,637,637,2024-01-01,5
737,366,416,2024-02-15,1
738,823,109,2024-03-20,3
739,693,488,2024-01-01,1
740,837,287,2024-02-15,3
741,216,112,2024-03-20,1
742,798,975,2024-01-01,5
743,207,587,2024-02-15,3
744,187,717,2024-03-20,4
745,208,808,2024-01-01,3
746,308,185,2024-02-15,3
747,95,67,2024-03-20,2
748,103,828,2024-01-01,2
749,63,747,2024-02-15,2
750,397,85,2024-03-20,3
751,240,935,2024-01-01,2
752,153,864,2024-02-15,2
753,930,556,2024-03-20,2
754,72,714,2024-01-01,3
755,928,108,2024-02-15,4
756,213,905,2024-03-20,4
757,94,280,2024-01-01,1
758,773,133,2024-02-15,3
759,712,476,2024-03-20,3
760,201,988,2024-01-01,3
761,336,347,2024-02-15,2
762,360,555,2024-03-20,2
763,990,81,2024-01-01,3
764,939,19,2024-02-15,3
765,305,806,2024-03-20,1
766,168,301,2024-01-01,2
767,250,662,2024-02-15,3
768,564,188,2024-03-20,3
769,328,653,2024-01-01,5
770,607,573,2024-02-15,2
771,281,228,2024-03-20,5
772,185,768,2024-01-01,3
773,830,768,2024-02-15,2
774,200,826,2024-03-20,3
775,265,731,2024-01-01,1
776,925,198,2024-02-15,3
777,500,482,2024-03-20,5
778,912,786,2024-01-01,3
779,602,572,2024-02-15,5
780,26,952,2024-03-20,5
781,992,259,2024-01-01,1
782,123,148,2024-02-15,3
783,274,772,2024-03-20,4
784,478,539,2024-01-01,2
785,694,650,2024-02-15,2
786,964,771,2024-03-20,2
787,402,613,2024-01-01,2
788,803,950,2024-02-15,5
789,159,477,2024-03-20,3
790,34,910,2024-01-01,5
791,419,578,2024-02-15,1
792,851,956,2024-03-20,3
793,328,292,2024-01-01,1
794,868,661,2024-02-15,5
795,220,273,2024-03-20,5
796,100,53,2024-01-01,3
797,590,171,2024-02-15,4
798,542,405,2024-03-20,1
799,20,674,2024-01-01,4
800,793,422,2024-02-15,2
801,388,852,2024-03-20,4
802,45,474,2024-01-01,2
803,299,662,2024-02-15,4
804,973,628,2024-03-20,3
805,106,357,2024-01-01,2
806,233,120,2024-02-15,5
807,148,176,2024-03-20,1
808,701,985,2024-01-01,2
809,276,928,2024-02-15,1
810,929,770,2024-03-20,3
811,386,290,2024-01-01,4
812,824,636,2024-02-15,4
813,871,970,2024-03-20,5
814,688,448,2024-01-01,4
815,546,586,2024-02-15,4
816,310,948,2024-03-20,1
817,178,142,2024-01-01,4
818,906,813,2024-02-15,3
819,206,354,2024-03-20,2
820,278,24,2024-01-01,2
821,177,17,2024-02-15,2
822,759,182,2024-03-20,5
823,348,414,2024-01-01,1
824,212,42,2024-02-15,1
825,78,581,2024-03-20,3
826,231,565,2024-01-01,5
827,875,330,2024-02-15,2
828,799,390,2024-03-20,4
829,16,40,2024-01-01,4
830,254,301,2024-02-15,2
831,576,578,2024-03-20,5
832,393,374,2024-01-01,5
833,322,618,2024-02-15,5
834,783,894,2024-03-20,2
835,535,268,2024-01-01,1
836,898,21,2024-02-15,3
837,821,410,2024-03-20,5
838,928,190,2024-01-01,3
839,834,245,2024-02-15,2
840,21,489,2024-03-20,3
841,234,676,2024-01-01,1
842,600,372,2024-02-15,5
843,851,384,2024-03-20,4
844,378,398,2024-01-01,2
845,811,294,2024-02-15,5
846,606,303,2024-03-20,3
847,706,776,2024-01-01,2
848,859,566,2024-02-15,5
849,117,154,2024-03-20,2
850,797,948,2024-01-01,2
851,74,801,2024-02-15,1
852,60,421,2024-03-20,2
853,903,16,2024-01-01,5
854,258,721,2024-02-15,1
855,7,670,2024-03-20,1
856,431,97,2024-01-01,4
857,475,821,2024-02-15,5
858,629,110,2024-03-20,5
859,618,903,2024-01-01,3
860,291,732,2024-02-15,3
861,476,987,2024-03-20,3
862,551,944,2024-01-01,1
863,17,764,2024-02-15,3
864,838,335,2024-03-20,1
865,454,457,2024-01-01,2
866,238,872,2024-02-15,2
867,367,660,2024-03-20,5
868,101,984,2024-01-01,3
869,509,849,2024-02-15,1
870,42,653,2024-03-20,1
871,112,691,2024-01-01,5
872,262,202,2024-02-15,2
873,996,452,2024-03-20,3
874,662,959,2024-01-01,1
875,872,782,2024-02-15,1
876,1,467,2024-03-20,3
877,174,175,2024-01-01,2
878,518,4,2024-02-15,3
879,299,803,2024-03-20,4
880,651,181,2024-01-01,1
881,226,485,2024-02-15,5
882,680,628,2024-03-20,4
883,177,466,2024-01-01,5
884,706,306,2024-02-15,2
885,326,986,2024-03-20,2
886,599,5,2024-01-01,5
887,452,991,2024-02-15,1
888,333,685,2024-03-20,5
889,195,898,2024-01-01,4
890,813,441,2024-02-15,2
891,37,909,2024-03-20,3
892,169,392,2024-01-01,1
893,924,292,2024-02-15,1
894,461,823,2024-03-20,2
895,679,507,2024-01-01,4
896,437,632,2024-02-15,2
897,681,378,2024-03-20,2
898,904,75,2024-01-01,3
899,268,757,2024-02-15,1
900,923,218,2024-03-20,1
901,234,55,2024-01-01,5
902,815,471,2024-02-15,2
903,325,756,2024-03-20,4
904,7,953,2024-01-01,5
905,764,735,2024-02-15,3
906,390,59,2024-03-20,4
907,706,484,2024-01-01,1
908,132,967,2024-02-15,2
909,727,732,2024-03-20,2
910,897,284,2024-01-01,2
911,376,408,2024-02-15,2
912,803,161,2024-03-20,1
913,672,21,2024-01-01,3
914,550,113,2024-02-15,3
915,34,297,2024-03-20,1
916,445,633,2024-01-01,2
917,497,103,2024-02-15,1
918,626,952,2024-03-20,4
919,619,711,2024-01-01,1
920,755,344,2024-02-15,2
921,978,547,2024-03-20,2
922,381,432,2024-01-01,5
923,663,483,2024-02-15,3
924,234,42,2024-03-20,1
925,379,800,2024-01-01,3
926,378,881,2024-02-15,3
927,345,84,2024-03-20,4
928,785,200,2024-01-01,5
929,16,176,2024-02-15,1
930,302,274,2024-03-20,2
931,978,76,2024-01-01,4
932,677,195,2024-02-15,4
933,734,409,2024-03-20,5
934,404,667,2024-01-01,4
935,745,114,2024-02-15,2
936,351,866,2024-03-20,1
937,737,369,2024-01-01,1
938,485,315,2024-02-15,5
939,377,835,2024-03-20,2
940,442,983,2024-01-01,1
941,636,115,2024-02-15,3
942,568,805,2024-03-20,5
943,358,48,2024-01-01,1
944,271,767,2024-02-15,2
945,913,149,2024-03-20,1
946,411,724,2024-01-01,5
947,364,262,2024-02-15,4
948,534,113,2024-03-20,3
949,380,662,2024-01-01,3
950,225,64,2024-02-15,5
951,394,185,2024-03-20,3
952,859,955,2024-01-01,1
953,797,546,2024-02-15,4
954,565,106,2024-03-20,5
955,936,346,2024-01-01,4
956,574,326,2024-02-15,2
957,497,369,2024-03-20,2
958,352,261,2024-01-01,2
959,308,826,2024-02-15,3
960,240,700,2024-03-20,1
961,260,7,2024-01-01,1
962,799,55,2024-02-15,3
963,711,705,2024-03-20,5
964,913,726,2024-01-01,3
965,340,645,2024-02-15,2
966,679,852,2024-03-20,1
967,474,24,2024-01-01,5
968,283,100,2024-02-15,3
969,379,786,2024-03-20,2
970,968,958,2024-01-01,2
971,740,692,2024-02-15,3
972,655,795,2024-03-20,5
973,40,654,2024-01-01,5
974,750,160,2024-02-15,3
975,752,799,2024-03-20,3
976,934,202,2024-01-01,1
977,592,646,2024-02-15,5
978,322,424,2024-03-20,3
979,627,499,2024-01-01,2
980,99,37,2024-02-15,4
981,135,818,2024-03-20,4
982,199,396,2024-01-01,3
983,326,880,2024-02-15,1
984,286,697,2024-03-20,2
985,50,224,2024-01-01,2
986,76,29,2024-02-15,5
987,843,886,2024-03-20,1
988,564,348,2024-01-01,2
989,684,142,2024-02-15,2
990,968,567,2024-03-20,5
991,978,800,2024-01-01,1
992,704,642,2024-02-15,1
993,734,445,2024-03-20,4
994,589,20,2024-01-01,1
995,129,240,2024-02-15,3
996,634,359,2024-03-20,3
997,831,78,2024-01-01,1
998,959,660,2024-02-15,4
999,538,30,2024-03-20,5
